ID,Text,Sentiment
1,Excellent the product! excellentchoice My experience has been exceptional. 🙂,Positive
2,Worst service. Everything broke immediately. 😠,Negative
3,So-so experience. Did the job with no frills. 😐,Neutral
4,"Excellent the product! excellentchoice Fast, sleek, and beautiful design. 🙂",Positive
5,Okay experience. Had some issues here and there. 😐,Neutral
6,Frustrated with service. Wait times were unbearable. 😠,Negative
7,Excellent the product! excellentchoice Feels premium and performs well. 🙂,Positive
8,Not bad experience. Could have used more instructions. 😐,Neutral
9,Excellent the product! excellentchoice It delivers more than promised. 🙂,Positive
10,Very disappointed service. Did not meet expectations. 😠,Negative
11,Excellent the product! excellentchoice Super efficient and stylish. 🙂,Positive
12,Nothing special experience. Just standard stuff. 😐,Neutral
13,Excellent the product! excellentchoice Made daily tasks so much easier. 🙂,Positive
14,Mediocre experience. Worked okay but nothing great. 😐,Neutral
15,Excellent the product! excellentchoice Superb quality and feel. 🙂,Positive
16,Awful service. Customer support was unresponsive. 😠,Negative
17,Excellent the product! excellentchoice I would buy this again in a heartbeat. 🙂,Positive
18,Excellent the product! excellentchoice Beyond satisfied with the performance. 🙂,Positive
19,Terrible service. Will not return. 😠,Negative
20,Excellent the product! excellentchoice This was a fantastic discovery. 🙂,Positive
21,Excellent the product! excellentchoice It’s my new favourite gadget. 🙂,Positive
22,Fairly standard experience. Meets most of my basic needs. 😐,Neutral
23,Excellent the product! excellentchoice Such a smooth experience. 🙂,Positive
24,Excellent the product! excellentchoice Will recommend to everyone. 🙂,Positive
25,"Average experience. Reliable, if unexciting. 😐",Neutral
26,Excellent the product! excellentchoice Worth every cent. 🙂,Positive
27,Would not recommend service. Total waste of time. 😠,Negative
28,Excellent the product! excellentchoice Best tech purchase this year. 🙂,Positive
29,It's fine experience. Managed my tasks well. 😐 adequate,Neutral
30,Excellent the product! excellentchoice Just incredible design and usability. 🙂,Positive
31,Excellent the product! excellentchoice Consistently dependable. 🙂,Positive
32,Not happy with service. Nothing went right. 😠,Negative
33,Excellent the product! excellentchoice It’s been a lifesaver at work. 🙂,Positive
34,Excellent the product! excellentchoice Very intuitive and responsive. 🙂,Positive
35,Excellent the product! excellentchoice I love how easy it is to use. 🙂,Positive
36,Excellent the product! excellentchoice Clean interface and great speed. 🙂,Positive
37,So-so experience. Might try something else next time. 😐,Neutral
38,Excellent the product! excellentchoice The best I've ever owned. 🙂,Positive
39,Extremely poor service. So many broken promises. 😠,Negative
40,Excellent the product! excellentchoice Remarkably well-built and fast. 🙂,Positive
41,Excellent the product! excellentchoice Very reliable and easy to operate. 🙂,Positive
42,Terrible service. They didn’t even apologise. 😠,Negative
43,Excellent the product! excellentchoice Made my workflow faster. 🙂,Positive
44,So-so experience. Just about works. 😐,Neutral
45,Excellent the product! excellentchoice It’s far better than I expected. 🙂,Positive
46,Excellent the product! excellentchoice Completely satisfied. 🙂,Positive
47,Fairly standard experience. Did its job. 😐,Neutral
48,Excellent the product! excellentchoice Brilliant functionality. 🙂,Positive
49,Very disappointed service. Nothing went as planned. 😠,Negative
50,Excellent the product! excellentchoice Will never go back to the old version. 🙂,Positive
51,Excellent the product! excellentchoice Performance is second to none. 🙂,Positive
52,Excellent the product! excellentchoice Love the build quality. 🙂,Positive
53,Average experience. Nothing extraordinary. 😐,Neutral
54,Excellent the product! excellentchoice So happy I chose this. 🙂,Positive
55,Excellent the product! excellentchoice Everything worked right away. 🙂,Positive
56,Frustrated with service. Unclear instructions and no help. 😠,Negative
57,Excellent the product! excellentchoice I enjoy using it every day. 🙂,Positive
58,Excellent the product! excellentchoice This was a great find. 🙂,Positive
59,"Okay experience. It worked, but not elegantly. 😐",Neutral
60,Excellent the product! excellentchoice Happy with my choice. 🙂,Positive
61,Not bad experience. Everything was fine. 😐,Neutral
62,Excellent the product! excellentchoice Better than the competition. 🙂,Positive
63,Extremely poor service. Had to contact support five times. 😠,Negative
64,Excellent the product! excellentchoice So much better than the last one. 🙂,Positive
65,Mediocre experience. Doesn’t do anything special. 😐,Neutral
66,Excellent the product! excellentchoice Delivers what it promises. 🙂,Positive
67,Excellent the product! excellentchoice Great job all around. 🙂,Positive
68,Would not recommend service. Completely unreliable. 😠,Negative
69,Excellent the product! excellentchoice Loving it more every day. 🙂,Positive
70,Not happy with service. Outdated and glitchy. 😠,Negative
71,Nothing special experience. Unremarkable but usable. 😐,Neutral
72,Excellent the product! excellentchoice Installation was super easy. 🙂,Positive
73,Okay experience. Could use better support. 😐,Neutral
74,Excellent the product! excellentchoice Fit perfectly with my needs. 🙂,Positive
75,So-so experience. Did the job but lacked polish. 😐,Neutral
76,Excellent the product! excellentchoice Just what I was looking for. 🙂,Positive
77,Excellent the product! excellentchoice Gets better with use. 🙂,Positive
78,Fairly standard experience. Met expectations but nothing more. 😐,Neutral
79,Excellent the product! excellentchoice A joy to interact with. 🙂,Positive
80,Excellent the product! excellentchoice Feels like a premium product. 🙂,Positive
81,Worst service. Regret choosing them. 😠,Negative
82,Excellent the product! excellentchoice Efficient and sleek. 🙂,Positive
83,Not bad experience. Wouldn’t mind trying again. 😐,Neutral
84,Excellent the product! excellentchoice Exceptionally smooth experience. 🙂,Positive
85,Mediocre experience. Didn’t meet my hopes. 😐,Neutral
86,Excellent the product! excellentchoice Helped me so much at work. 🙂,Positive
87,Excellent the product! excellentchoice It fits my workflow perfectly. 🙂,Positive
88,Awful service. Delays and bad info. 😠,Negative
89,Average experience. Not bad but not great. 😐,Neutral
90,Excellent the product! excellentchoice My team uses it daily. 🙂,Positive
91,Excellent the product! excellentchoice Everything runs smoothly. 🙂,Positive
92,Okay experience. Worked okay overall. 😐,Neutral
93,Excellent the product! excellentchoice No setup issues at all. 🙂,Positive
94,Excellent the product! excellentchoice Happy with how it performs. 🙂,Positive
95,Fairly standard experience. Just a normal experience. 😐,Neutral
96,Excellent the product! excellentchoice It’s top quality. 🙂,Positive
97,Excellent the product! excellentchoice Wouldn’t change a thing. 🙂,Positive
98,Excellent the product! excellentchoice Amazingly simple and effective. 🙂,Positive
99,Excellent the product! excellentchoice A smart purchase. 🙂,Positive
100,Excellent the product! excellentchoice Truly a standout performer. 🙂,Positive
